{
    "v1": [
        6.1524747277382605,
        9.14081423759588
    ],
    "v2": [
        -0.5305631078527377,
        6.998062705429753
    ],
    "atoms": [
        [
            [
                -1.69623736386913,
                0.4495928812020593
            ],
            [
                -0.784009781148819,
                1.2054385925988875
            ],
            [
                -0.10635500541373097,
                1.075120366495986
            ],
            [
                -0.3449694849418692,
                0.28188677688750563
            ],
            [
                0.2784504074411498,
                0.48024765173664796
            ],
            [
                0.8579998677477405,
                1.3618204639223692
            ],
            [
                0.18034509201265245,
                1.909157013554555
            ],
            [
                0.8735330319885771,
                2.322170061050111
            ],
            [
                1.6452815539263694,
                1.520968647285124
            ],
            [
                2.0819044275330594,
                2.5755126167731053
            ],
            [
                2.5587851150431407,
                2.9943416701769836
            ],
            [
                2.2365421543202944,
                3.5104670303899903
            ],
            [
                1.3265496388218512,
                2.634327045417449
            ],
            [
                0.9763987626480912,
                2.9421820707357265
            ],
            [
                1.054835527643896,
                3.6492438131064193
            ],
            [
                1.8971488026215486,
                4.015418088314872
            ],
            [
                1.38,
                5.02
            ],
            [
                0.2546395972975949,
                5.120953778370741
            ],
            [
                0.23247238245381308,
                4.2027577929656195
            ],
            [
                -0.3930551028401144,
                3.863930405098076
            ],
            [
                -0.8100734263693994,
                4.072439566862718
            ],
            [
                -0.34092781239895376,
                5.245303601788831
            ],
            [
                -0.9403916524723009,
                5.349558182671152
            ],
            [
                -1.1489008142369435,
                4.750094342597805
            ],
            [
                -1.9615189177954995,
                3.9486242339169353
            ],
            [
                -0.9287400101710097,
                3.5352391658530955
            ],
            [
                -1.050436174987331,
                2.737567967301567
            ],
            [
                -1.8126035341317543,
                3.159343038037919
            ],
            [
                -2.411171423713486,
                2.290571099213711
            ],
            [
                -2.3602671109659767,
                1.6383378971812816
            ],
            [
                -1.7152020665025396,
                2.157998830805336
            ],
            [
                -1.3393790780822417,
                1.5792450692572868
            ],
            [
                -1.69623736386913,
                0.4495928812020593
            ]
        ],
        [
            [
                1.38,
                5.02
            ],
            [
                0.8628511973784513,
                6.024581911685127
            ],
            [
                1.705164472356104,
                6.390756186893579
            ],
            [
                1.7836012373519088,
                7.097817929264273
            ],
            [
                1.4334503611781488,
                7.40567295458255
            ],
            [
                0.5234578456797057,
                6.529532969610009
            ],
            [
                0.20121488495685935,
                7.0456583298230155
            ],
            [
                0.6780955724669407,
                7.464487383226894
            ],
            [
                1.1147184460736308,
                8.519031352714876
            ],
            [
                0.3429699241358387,
                9.320232766479863
            ],
            [
                -0.3502180158400865,
                8.907219718984308
            ],
            [
                0.32743675989500187,
                8.359883169352122
            ],
            [
                -0.2521127004115893,
                7.4783103571664
            ],
            [
                -0.875532592794608,
                7.279949482317258
            ],
            [
                -0.6369181132664696,
                8.073183071925738
            ],
            [
                -1.3145728890015578,
                8.203501298028641
            ],
            [
                -2.2268004717218686,
                7.447655586631811
            ],
            [
                -2.583658757508757,
                6.318003398576584
            ],
            [
                -2.207835769088459,
                5.739249637028534
            ],
            [
                -1.562770724625022,
                6.2589105706525885
            ],
            [
                -1.5118664118775127,
                5.60667736862016
            ],
            [
                -2.1104343014592444,
                4.737905429795951
            ],
            [
                -2.8726016606036677,
                5.159680500532303
            ],
            [
                -2.9942978254199892,
                4.362009301980775
            ],
            [
                -1.9615189177954995,
                3.9486242339169353
            ],
            [
                -1.1489008142369435,
                4.750094342597805
            ],
            [
                -0.9403916524723009,
                5.349558182671152
            ],
            [
                -0.34092781239895376,
                5.245303601788831
            ],
            [
                -0.8100734263693994,
                4.072439566862718
            ],
            [
                -0.3930551028401144,
                3.863930405098076
            ],
            [
                0.23247238245381308,
                4.2027577929656195
            ],
            [
                0.2546395972975949,
                5.120953778370741
            ],
            [
                1.38,
                5.02
            ]
        ],
        [
            [
                4.45623736386913,
                9.59040711879794
            ],
            [
                3.5440097811488194,
                8.834561407401111
            ],
            [
                2.8663550054137312,
                8.964879633504014
            ],
            [
                3.1049694849418694,
                9.758113223112494
            ],
            [
                2.4815495925588507,
                9.559752348263352
            ],
            [
                1.9020001322522597,
                8.67817953607763
            ],
            [
                2.579654907987348,
                8.130842986445444
            ],
            [
                1.886466968011423,
                7.717829938949889
            ],
            [
                1.1147184460736308,
                8.519031352714876
            ],
            [
                0.6780955724669407,
                7.464487383226894
            ],
            [
                0.20121488495685935,
                7.0456583298230155
            ],
            [
                0.5234578456797057,
                6.529532969610009
            ],
            [
                1.4334503611781488,
                7.40567295458255
            ],
