{
    "v1": [
        1.5000000000000002,
        0.8660254037844379
    ],
    "v2": [
        5.551115123125783e-17,
        1.7320508075688774
    ],
    "atoms": [
        [
            [
                -0.49999999999999994,
                0.8660254037844387
            ],
            [
                -1.0,
                2.1460752085336256e-16
            ],
            [
                -0.5000000000000002,
                -0.8660254037844385
            ],
            [
                0.49999999999999994,
                -0.8660254037844387
            ],
            [
                1.0,
                -6.031855794721673e-16
            ],
            [
                0.5,
                0.8660254037844387
            ],
            [
                -0.49999999999999994,
                0.8660254037844387
            ]
        ]
    ]
}