{
    "v1": [
        4.732050807568877,
        -1.7763568394002505e-15
    ],
    "v2": [
        2.3660254037844384,
        4.098076211353316
    ],
    "atoms": [
        [
            [
                -0.49999999999999994,
                0.8660254037844387
            ],
            [
                -1.0,
                2.1460752085336256e-16
            ],
            [
                -0.5000000000000002,
                -0.8660254037844385
            ],
            [
                0.49999999999999994,
                -0.8660254037844387
            ],
            [
                1.0,
                -6.031855794721673e-16
            ],
            [
                0.5,
                0.8660254037844387
            ],
            [
                -0.49999999999999994,
                0.8660254037844387
            ]
        ],
        [
            [
                0.5,
                0.8660254037844387
            ],
            [
                -0.49999999999999994,
                0.8660254037844387
            ],
            [
                0.0,
                2.732050807568877
            ],
            [
                0.5,
                0.8660254037844387
            ]
        ],
        [
            [
                -0.49999999999999994,
                0.8660254037844387
            ],
            [
                -1.0,
                2.1460752085336256e-16
            ],
            [
                -2.3660254037844384,
                1.3660254037844388
            ],
            [
                -0.49999999999999994,
                0.8660254037844387
            ]
        ],
        [
            [
                -1.0,
                2.1460752085336256e-16
            ],
            [
                -0.5000000000000002,
                -0.8660254037844385
            ],
            [
                -2.366025403784439,
                -1.366025403784438
            ],
            [
                -1.0,
                2.1460752085336256e-16
            ]
        ],
        [
            [
                -0.5000000000000002,
                -0.8660254037844385
            ],
            [
                0.49999999999999994,
                -0.8660254037844387
            ],
            [
                0.0,
                -2.732050807568877
            ],
            [
                -0.5000000000000002,
                -0.8660254037844385
            ]
        ],
        [
            [
                0.49999999999999994,
                -0.8660254037844387
            ],
            [
                1.0,
                -6.031855794721673e-16
            ],
            [
                2.366025403784438,
                -1.3660254037844397
            ],
            [
                0.49999999999999994,
                -0.8660254037844387
            ]
        ],
        [
            [
                1.0,
                -6.031855794721673e-16
            ],
            [
                0.5,
                0.8660254037844387
            ],
            [
                2.3660254037844384,
                1.3660254037844388
            ],
            [
                1.0,
                -6.031855794721673e-16
            ]
        ],
        [
            [
                -0.5000000000000002,
                -0.8660254037844385
            ],
            [
                0.0,
                -2.732050807568877
            ],
            [
                -1.8660254037844388,
                -3.2320508075688763
            ],
            [
                -2.366025403784439,
                -1.366025403784438
            ],
            [
                -0.5000000000000002,
                -0.8660254037844385
            ]
        ],
        [
            [
                0.49999999999999994,
                -0.8660254037844387
            ],
            [
                2.366025403784438,
                -1.3660254037844397
            ],
            [
                1.8660254037844384,
                -3.232050807568877
            ],
            [
                0.0,
                -2.732050807568877
            ],
            [
                0.49999999999999994,
                -0.8660254037844387
            ]
        ],
        [
            [
                1.0,
                -6.031855794721673e-16
            ],
            [
                2.3660254037844384,
                1.3660254037844388
            ],
            [
                3.7320508075688767,
                -1.561749318546888e-15
            ],
            [
                2.366025403784438,
                -1.3660254037844397
            ],
            [
                1.0,
                -6.031855794721673e-16
            ]
        ]
    ]
}