{
    "v1": [
        3.0,
        -9.992007221626409e-16
    ],
    "v2": [
        1.5000000000000002,
        2.598076211353316
    ],
    "atoms": [
        [
            [
                1.7886242880318601,
                0.41399834217695797
            ],
            [
                1.5,
                0.8660254037844387
            ],
            [
                0.9642209374339581,
                0.8420829690033912
            ],
            [
                0.872449001877277,
                1.0118647451394487
            ],
            [
                1.2032225706282245,
                1.380058989996038
            ],
            [
                1.7254059358724052,
                1.5708941866949848
            ],
            [
                1.6685094189288956,
                1.836411265764696
            ],
            [
                1.5167853737462038,
                1.8933077827082054
            ],
            [
                1.365061328563512,
                1.924916958787933
            ],
            [
                1.3713831637794573,
                1.7415837375255132
            ],
            [
                1.0,
                1.7320508075688776
            ],
            [
                0.815061664776254,
                1.2990552724093283
            ],
            [
                0.29667117706872353,
                1.2611242611136553
            ],
            [
                0.6570157843776167,
                1.4634229880239114
            ],
            [
                0.7202341365370715,
                1.7320508075688776
            ],
            [
                0.5,
                2.0
            ],
            [
                0.18287814318170462,
                2.0323881574590064
            ],
            [
                -0.03838608937638765,
                2.2726178956649354
            ],
            [
                -0.10160444153584258,
                2.051353663106843
            ],
            [
                2.220446049250313e-16,
                1.7320508075688779
            ],
            [
                0.3273266051647122,
                1.660391407307266
            ],
            [
                0.4873378754291607,
                1.495010592072741
            ],
            [
                0.16866070311929485,
                1.4235050148315298
            ],
            [
                -0.017949192431122724,
                1.1650635094610977
            ],
            [
                -0.3601170682685354,
                1.1083097486550244
            ],
            [
                -0.5611464080779708,
                1.297372357382986
            ],
            [
                -0.5561699410810568,
                1.7105893048843432
            ],
            [
                -0.7825159655615346,
                1.2426844678015807
            ],
            [
                -0.5,
                0.8660254037844395
            ],
            [
                -0.2397224749208987,
                0.7665022933592733
            ],
            [
                -0.21480083026663932,
                0.37204595152979836
            ],
            [
                -0.6136730940274275,
                0.18009043918697484
            ],
            [
                -0.5125237305722997,
                -0.15496682725813662
            ],
            [
                -0.39873069668528077,
                -0.0727829694508455
            ],
            [
                0.0,
                0.0
            ],
            [
                0.13633344783534135,
                0.3817023973235436
            ],
            [
                0.12205665613672861,
                0.521341984347051
            ],
            [
                0.4627994423283305,
                0.4414112694532614
            ],
            [
                0.4296016605332789,
                -8.326672684688674e-17
            ],
            [
                0.7836716955686123,
                -0.1756453935400602
            ],
            [
                1.0,
                0.0
            ],
            [
                0.8060526585953269,
                0.31686078939252915
            ],
            [
                0.6504423492324106,
                0.21971930886577162
            ],
            [
                0.6019546761188044,
                0.3669207743987845
            ],
            [
                0.5753664825873892,
                0.5267659103636881
            ],
            [
                0.7768627597286459,
                0.7087982789584748
            ],
            [
                1.2032225706282245,
                0.3519918175728394
            ],
            [
                1.6874749245767322,
                0.249630626562375
            ],
            [
                1.7886242880318601,
                0.41399834217695797
            ]
        ],
        [
            [
                0.964220937433958,
                0.8420829690033915
            ],
            [
                1.5,
                0.8660254037844387
            ],
            [
                1.747154774534182,
                1.341994900172967
            ],
            [
                1.940076073545991,
                1.3365808396514922
            ],
            [
                2.093554858743551,
                0.8660254037844384
            ],
            [
                1.9977313043989486,
                0.3183837456998564
            ],
            [
                2.2561240984837148,
                0.23489903522493172
            ],
            [
                2.3812599501349916,
                0.3378476542463261
            ],
            [
                2.4844963222040772,
                0.45343994369961127
            ],
            [
                2.3225641776252157,
                0.5396316844352735
            ],
            [
                2.5000000000000004,
                0.8660254037844382
            ],
            [
                2.2174840344384656,
                1.2426844678015794
            ],
            [
                2.4438300589189437,
                1.710589304884342
            ],
            [
                2.4388535919220296,
                1.2973723573829847
            ],
            [
                2.6398829317314645,
                1.1083097486550229
            ],
            [
                2.9820508075688776,
                1.165063509461096
            ],
            [
                3.1686607031192953,
                1.423505014831528
            ],
            [
                3.4873378754291613,
                1.495010592072739
            ],
            [
                3.3273266051647123,
                1.6603914073072643
            ],
            [
                3.000000000000001,
                1.7320508075688763
            ],
            [
                2.774277836371132,
                1.4844073522925232
            ],
            [
                2.551048213947228,
                1.4285239349689558
            ],
            [
                2.648461153699002,
                1.7402592504160963
            ],
            [
                2.517949192431124,
                2.0310889132455343
            ],
            [
                2.6398829317314654,
                2.35579186648273
            ],
            [
                2.9041306237003557,
                2.435357077299735
            ],
            [
                3.2594987640123345,
                2.2244388567086335
            ],
            [
                2.9674543007852825,
                2.6544126824957233
            ],
            [
                2.5000000000000018,
                2.598076211353315
            ],
            [
                2.283671695568613,
                2.422430817813255
            ],
            [
                1.9296016605332797,
